{"cameraMode":{"drawMode":0,"name":"Shaded","section":"Shading Mode"},"sceneLighting":true,"audioPlay":false,"sceneViewState":{"showFog":true,"showMaterialUpdate":true,"showSkybox":true,"showFlares":true,"showImageEffects":true,"showParticleSystems":true},"in2DMode":false,"pivot":{"x":3.425048828125,"y":0.6547850370407105,"z":-1.9775390625},"rotation":{"x":0.0134837431833148,"y":0.9609748125076294,"z":-0.2721756100654602,"w":0.047607194632291797},"size":4.378054141998291,"orthographic":true}